{
    "GetStateJoint": {
        "AutomaticTimestamp": true,
        "Effort": [
            -1.6348493099212646,
            -8.996682167053223,
            -17.421592712402344,
            0.024457277730107307
        ],
        "Name": [
            "outer_yaw",
            "outer_pitch",
            "insertion",
            "outer_roll"
        ],
        "Position": [
            0.21081551909446716,
            -0.5407379269599915,
            0.07357016950845718,
            -0.46185067296028137
        ],
        "Timestamp": 117.130403515,
        "Type": [
            2,
            2,
            1,
            2
        ],
        "Valid": true,
        "Velocity": [
            0,
            0,
            0,
            0
        ]
    }
}
