{
    "GetStateJoint": {
        "AutomaticTimestamp": true,
        "Effort": [
            -0.0022759188432246447,
            -0.013113127090036869,
            -0.223674476146698,
            0.0026996247470378876,
            -0.032809603959321976,
            0.0058687347918748856,
            0.0008775312453508377
        ],
        "Name": [
            "outer_yaw",
            "shoulder_pitch",
            "elbow_pitch",
            "wrist_platform",
            "wrist_pitch",
            "wrist_yaw",
            "wrist_roll"
        ],
        "Position": [
            0.19716446101665497,
            0.08081670850515366,
            -0.03276703506708145,
            -1.0584144592285156,
            0.5204335451126099,
            0.15444959700107574,
            -0.041040048003196716
        ],
        "Timestamp": 125.341913338,
        "Type": [
            2,
            2,
            2,
            2,
            2,
            2,
            2
        ],
        "Valid": true,
        "Velocity": [
            0,
            0,
            0,
            0,
            0,
            0,
            0
        ]
    }
}
