{
    "GetStateJoint": {
        "AutomaticTimestamp": true,
        "Effort": [
            -0.01024764683097601,
            0.16204509139060974,
            -0.22549545764923096,
            -0.016586974263191223,
            -0.02564844861626625,
            -0.003936127293854952,
            -0.0010352395474910736
        ],
        "Name": [
            "outer_yaw",
            "shoulder_pitch",
            "elbow_pitch",
            "wrist_platform",
            "wrist_pitch",
            "wrist_yaw",
            "wrist_roll"
        ],
        "Position": [
            -0.14987769722938538,
            0.35285335779190063,
            0.00346744479611516,
            1.2588629722595215,
            0.47543865442276,
            -0.11859121918678284,
            0.49956297874450684
        ],
        "Timestamp": 133.201765066,
        "Type": [
            2,
            2,
            2,
            2,
            2,
            2,
            2
        ],
        "Valid": true,
        "Velocity": [
            0,
            0,
            0,
            0,
            0,
            0,
            0
        ]
    }
}
